Num Qubits,Time,Shots,Num Ancilla,Exact Eigenvalue,Expected Phase,Most Probable Bitstring,Estimated Phase,Estimated Eigenvalue,Eigenvalue Error,Alpha,QDRIFT Implementation,type of Hamiltonian,Num Random Circuits,Num Shots per Circuit,Circuit Depth,Raw results
2,0.001,1024,12,(2.561249694973137+0j),0.00040763554944758394,000000000010,0.00048828125,3.067961575771282,0.5067118807981452,3.5999999999999996,exponential invocations of qdrift channel,Ising,1,1024,4098,"{'000000000010': 708, '111111100100': 1, '000000000111': 4, '000000000000': 26, '000000000001': 168, '000000000100': 16, '111111100010': 1, '000000000011': 42, '000000001010': 1, '000000001001': 3, '111111111001': 1, '111111111111': 9, '111110101000': 1, '000000000101': 10, '111111111100': 1, '111111111110': 7, '111111111101': 5, '000000010101': 1, '000001000000': 1, '000000000110': 3, '111111111010': 1, '111111110110': 1, '111111111011': 1, '000000010011': 1, '000000001000': 2, '000000001101': 1, '000000001011': 2, '111110101110': 1, '000000011000': 1, '111111011010': 1, '111111101001': 1, '000000001110': 1, '111111110000': 1}"
2,0.001,1024,12,(2.561249694973137+0j),0.00040763554944758394,000000000010,0.00048828125,3.067961575771282,0.5067118807981452,3.5999999999999996,exponential invocations of qdrift channel,Ising,1,1024,4098,"{'000000000010': 685, '000000000001': 181, '111111111111': 11, '000000101100': 1, '000000000011': 48, '111111101011': 1, '000000010101': 1, '111111111101': 9, '000000000100': 14, '000000001000': 3, '000000010100': 1, '111111111110': 7, '000000000000': 29, '000101011110': 1, '000000010010': 1, '111111111011': 2, '111111110111': 1, '000000000110': 4, '000000101110': 1, '000000000101': 5, '000000000111': 4, '111111110110': 2, '111111110000': 1, '000000001010': 1, '111111110010': 1, '111111011111': 1, '000000011000': 1, '111110111110': 1, '111111111001': 1, '000000001110': 1, '000000001100': 1, '111111101001': 1, '111111101110': 1, '000000001001': 1}"
